[
    {
        "list1": {
            "title1": "精选资讯",
            "class": "new1",
            "news1": [
                {
                    "url": "static/img/new1.jpg",
                    "name": "一组图告诉你，《琅琊榜2》到底被拍...",
                    "content": "没了胡歌、王凯的《琅琊榜2》，会被拍成什么样呢？",
                    "preson": "柠檬思密达~",
                    "src": "static/img/preson.jpg",
                    "time": "2小时前"
                },
                {
                    "url": "static/img/new2.jpg",
                    "name": "蒋欣胖了导演生气了！娘娘在自黑的...",
                    "content": "娘娘表示：我就是我，不一樣的品種！............................",
                    "preson": "柠檬思密达~",
                    "src": "static/img/preson.jpg",
                    "time": "4小时前"
                },
                {
                    "url": "static/img/new3.jpg",
                    "name": "敲暖敲有爱！董力阿拉蕾一起拍大片...",
                    "content": "近日，“父女俩”又拍摄了一组超暖的大片，满满的都是爱！",
                    "preson": "柠檬思密达~",
                    "src": "static/img/preson.jpg",
                    "time": "5小时前"
                }
            ]
        }
    },
    {
        "list2": {
            "title": "独家推荐",
            "num": 0,
            "movies": [
                {
                    "url": "static/img/movie1.jpg",
                    "name": "火锅英雄",
                    "num": 6.4
                },
                {
                    "url": "static/img/movie2.jpg",
                    "name": "我的野蛮女友",
                    "num": 6.4
                },
                {
                    "url": "static/img/movie3.jpg",
                    "name": "夜孔雀",
                    "num": 6.4
                },
                {
                    "url": "static/img/movie4.jpg",
                    "name": "刑警兄弟",
                    "num": 6.4
                },
                {
                    "url": "static/img/movie5.jpg",
                    "name": "人在囧途之太囧",
                    "num": 6.4
                },
                {
                    "url": "static/img/movie6.jpg",
                    "name": "我的少女时代",
                    "num": 6.4
                }
            ]
        }
    },
    {
        "list3": {
            "title1": "精选资讯",
            "class": "new2",
            "news1": [
                {
                    "url": "static/img/new4.jpg",
                    "name": "拉黑淘宝，能否帮助制造业回流美国？",
                    "content": "中国是世界上唯一建成了联合国界定的全部工业门类的国家",
                    "preson": "柠檬思密达~",
                    "src": "static/img/preson.jpg",
                    "time": "2小时前"
                },
                {
                    "url": "static/img/new5.jpg",
                    "name": "新政之后，在北京上海开网约车还是...",
                    "content": "中国是世界上唯一建成了联合国界定的全部工业门类的国家",
                    "preson": "柠檬思密达~",
                    "src": "static/img/preson.jpg",
                    "time": "2小时前"
                },
                {
                    "url": "static/img/new6.jpg",
                    "name": "从商业视角理解数据：数据科学家的...",
                    "content": "把冰冷的数据变成热乎乎的钞票需要几步？",
                    "preson": "柠檬思密达~",
                    "src": "static/img/preson.jpg",
                    "time": "2小时前"
                }
            ]
        }
    }
]