{
    "list": {
        "title": "影视娱三圈正事、怪事、奇葩事",
        "src":"static/img/01.png",
        "class":"",
        "topic1": [
            {
                "url": "static/img/item1.png",
                "content": "秀恩爱秀到电影里了！当范冰冰扮演土气村...",
                "preson": "思密达 · 2016-11-11"
            },
            {
                "url": "static/img/item2.png",
                "content": "《超级快递》 酷帅快递员陈赫上演制服诱惑",
                "preson": "思密达 · 2016-11-11"
            },
            {
                "url": "static/img/item3.png",
                "content": "问世间《谁的爱情不迷茫》？丑男的孤独...",
                "preson": "思密达 · 2016-11-11"
            },
            {
                "url": "static/img/item4.png",
                "content": "秀恩爱秀到电影里了！当范冰冰扮演土气村...",
                "preson": "思密达 · 2016-11-11"
            },
            {
                "url": "static/img/item5.png",
                "content": "《超级快递》 酷帅快递员陈赫上演制服诱惑",
                "preson": "思密达 · 2016-11-11"
            },
            {
                "url": "static/img/item6.png",
                "content": "问世间《谁的爱情不迷茫》？丑男的孤独...",
                "preson": "思密达 · 2016-11-11"
            }
        ]
    },
    "list1": {
        "title": "影视娱三圈正事、怪事、奇葩事",
        "src":"static/img/02.png",
        "class":"",
        "topic1": [
            {
                "url": "static/img/item7.png",
                "content": "秀恩爱秀到电影里了！当范冰冰扮演土气村...",
                "preson": "思密达 · 2016-11-11"
            },
            {
                "url": "static/img/item8.png",
                "content": "《超级快递》 酷帅快递员陈赫上演制服诱惑",
                "preson": "思密达 · 2016-11-11"
            },
            {
                "url": "static/img/item9.png",
                "content": "问世间《谁的爱情不迷茫》？丑男的孤独...",
                "preson": "思密达 · 2016-11-11"
            },
            {
                "url": "static/img/item10.png",
                "content": "秀恩爱秀到电影里了！当范冰冰扮演土气村...",
                "preson": "思密达 · 2016-11-11"
            },
            {
                "url": "static/img/item11.png",
                "content": "《超级快递》 酷帅快递员陈赫上演制服诱惑",
                "preson": "思密达 · 2016-11-11"
            },
            {
                "url": "static/img/item12.png",
                "content": "问世间《谁的爱情不迷茫》？丑男的孤独...",
                "preson": "思密达 · 2016-11-11"
            }
        ]
    },
    "list2": {
        "title": "影视娱三圈正事、怪事、奇葩事",
        "src":"static/img/03.png",
        "class":"",
        "topic1": [
            {
                "url": "static/img/item13.png",
                "content": "秀恩爱秀到电影里了！当范冰冰扮演土气村...",
                "preson": "思密达 · 2016-11-11"
            },
            {
                "url": "static/img/item2.png",
                "content": "《超级快递》 酷帅快递员陈赫上演制服诱惑",
                "preson": "思密达 · 2016-11-11"
            },
            {
                "url": "static/img/item5.png",
                "content": "问世间《谁的爱情不迷茫》？丑男的孤独...",
                "preson": "思密达 · 2016-11-11"
            },
            {
                "url": "static/img/item6.png",
                "content": "秀恩爱秀到电影里了！当范冰冰扮演土气村...",
                "preson": "思密达 · 2016-11-11"
            },
            {
                "url": "static/img/item9.png",
                "content": "《超级快递》 酷帅快递员陈赫上演制服诱惑",
                "preson": "思密达 · 2016-11-11"
            },
            {
                "url": "static/img/item10.png",
                "content": "问世间《谁的爱情不迷茫》？丑男的孤独...",
                "preson": "思密达 · 2016-11-11"
            }
        ]
    },
    "list3": {
        "title": "影视娱三圈正事、怪事、奇葩事",
        "src":"static/img/04.png",
        "class":"topic",
        "topic1": [
            {
                "url": "static/img/item11.png",
                "content": "秀恩爱秀到电影里了！当范冰冰扮演土气村...",
                "preson": "思密达 · 2016-11-11"
            },
            {
                "url": "static/img/item4.png",
                "content": "《超级快递》 酷帅快递员陈赫上演制服诱惑",
                "preson": "思密达 · 2016-11-11"
            },
            {
                "url": "static/img/item8.png",
                "content": "问世间《谁的爱情不迷茫》？丑男的孤独...",
                "preson": "思密达 · 2016-11-11"
            },
            {
                "url": "static/img/item7.png",
                "content": "秀恩爱秀到电影里了！当范冰冰扮演土气村...",
                "preson": "思密达 · 2016-11-11"
            },
            {
                "url": "static/img/item12.png",
                "content": "《超级快递》 酷帅快递员陈赫上演制服诱惑",
                "preson": "思密达 · 2016-11-11"
            },
            {
                "url": "static/img/item11.png",
                "content": "问世间《谁的爱情不迷茫》？丑男的孤独...",
                "preson": "思密达 · 2016-11-11"
            }
        ]
    }
}